
ROUND-ROBIN TOURNAMENT 1
===================

Round 1

Player 1	 vrs 	 Player 6
CooperateAll	 vrs 	DefectAll
C	 vrs 	D
0.0	 vrs 	5.0


Player 2	 vrs 	 Player 5
CooperateAll	 vrs 	DefectAll
C	 vrs 	D
0.0	 vrs 	5.0


Player 3	 vrs 	 Player 4
CooperateAll	 vrs 	DefectAll
C	 vrs 	D
0.0	 vrs 	5.0



Round 2

Player 2	 vrs 	 Player 6
CooperateAll	 vrs 	DefectAll
generated : 0	 vrs 	 generated : 1
Agent 2 History : C [ C is 1 and D is 0 ] Info cost is : 0.0
C	 vrs 	C
3.0	 vrs 	3.0


Player 3	 vrs 	 Player 1
CooperateAll	 vrs 	CooperateAll
generated : 1	 vrs 	 generated : 1
Agent 1 History : C [ C is 1 and D is 0 ] Info cost is : 0.0
Agent 3 History : C [ C is 1 and D is 0 ] Info cost is : 0.0
C	 vrs 	C
3.0	 vrs 	3.0


Player 4	 vrs 	 Player 5
DefectAll	 vrs 	DefectAll
generated : 0	 vrs 	 generated : 0
D	 vrs 	D
1.0	 vrs 	1.0



Round 3

Player 3	 vrs 	 Player 6
CooperateAll	 vrs 	DefectAll
generated : 1	 vrs 	 generated : 1
Agent 6 History : CD [ C is 1 and D is 1 ] Info cost is : 0.0
Agent 3 History : CC [ C is 2 and D is 0 ] Info cost is : 0.0
C	 vrs 	C
3.0	 vrs 	3.0


Player 4	 vrs 	 Player 2
DefectAll	 vrs 	CooperateAll
generated : 0	 vrs 	 generated : 1
Agent 4 History : DD [ C is 0 and D is 2 ] Info cost is : 0.0
D	 vrs 	D
1.0	 vrs 	1.0


Player 5	 vrs 	 Player 1
DefectAll	 vrs 	CooperateAll
generated : 0	 vrs 	 generated : 1
Agent 5 History : DD [ C is 0 and D is 2 ] Info cost is : 0.0
D	 vrs 	D
1.0	 vrs 	1.0



Round 4

Player 4	 vrs 	 Player 6
DefectAll	 vrs 	DefectAll
generated : 0	 vrs 	 generated : 0
D	 vrs 	D
1.0	 vrs 	1.0


Player 5	 vrs 	 Player 3
DefectAll	 vrs 	CooperateAll
generated : 0	 vrs 	 generated : 1
Agent 5 History : DDD [ C is 0 and D is 3 ] Info cost is : 0.0
D	 vrs 	D
1.0	 vrs 	1.0


Player 1	 vrs 	 Player 2
CooperateAll	 vrs 	CooperateAll
generated : 0	 vrs 	 generated : 0
C	 vrs 	C
3.0	 vrs 	3.0



Round 5

Player 5	 vrs 	 Player 6
DefectAll	 vrs 	DefectAll
generated : 0	 vrs 	 generated : 0
D	 vrs 	D
1.0	 vrs 	1.0


Player 1	 vrs 	 Player 4
CooperateAll	 vrs 	DefectAll
generated : 0	 vrs 	 generated : 0
C	 vrs 	D
0.0	 vrs 	5.0


Player 2	 vrs 	 Player 3
CooperateAll	 vrs 	CooperateAll
generated : 1	 vrs 	 generated : 1
Agent 3 History : DCCC [ C is 3 and D is 1 ] Info cost is : 0.0
Agent 2 History : CDCC [ C is 3 and D is 1 ] Info cost is : 0.0
C	 vrs 	C
3.0	 vrs 	3.0



